{"cameraMode":{"drawMode":0,"name":"Shaded","section":"Shading Mode"},"sceneLighting":true,"audioPlay":false,"sceneViewState":{"showFog":true,"showMaterialUpdate":true,"showSkybox":true,"showFlares":true,"showImageEffects":true,"showParticleSystems":true},"in2DMode":false,"pivot":{"x":501.5095520019531,"y":-167.70921325683595,"z":514.1644287109375},"rotation":{"x":-0.23686061799526215,"y":-0.5054106712341309,"z":0.1466846615076065,"w":-0.816780149936676},"size":957.9241333007813,"orthographic":false}